USE BanDongHo
GO

INSERT INTO Admin(username,password,name,phone,email,address) VALUES
('admin','admin',N'Admin','0912222222','admin123@gmail.com',N'Hà Nội'),
('trandinh','trandinh',N'Trần Định','0912092222','dinh123@gmail.com',N'Hà Nội'),
('locnguyen','locnguyen',N'Lộc Nguyễn','0912278222','loc123@gmail.com',N'Hà Nội'),
('vukhiem','vukhiem',N'Vũ Khiêm','0912222832','khiem123@gmail.com',N'Hà Nội')
GO

INSERT INTO Blog(username,time,title,image,[content]) VALUES
('trandinh','12/26/2020','Giới thiệu thương hiệu đồng hồ AVI-8 & bộ sưu tập đầy nam tính','','Giới thiệu thương hiệu đồng hồ AVI-8
Được thành lập từ năm 2012, thương hiệu AVI-8 lấy cảm hứng thiết kế bắt nguồn từ sự kết hợp giữa các phi công và kỹ sư không quân cùng với nhà sản xuất đồng hồ danh tiếng Solar Time.

Sự chú trọng trong từng thiết kế, chi tiết, cùng với niềm đam mê, là kết quả dẫn đến sự thành công trong câu chuyện của AVI-8. Mỗi bộ sưu tập là một sự tôn kính rõ ràng đối với các máy bay, con người và lịch sử hàng không quân sự, là lời tường thuật về câu chuyện và cảm hứng để làm hài lòng và thu hút người đeo đồng hồ.Đồng hồ AVI 8 – đồng hồ thời trang cao cấp
đồng hồ AVI 8
ĐỒNG HỒ THANH LỊCH (DRESS WATCH): phụ kiện thời trang, thanh lịch, tinh tế.

ĐỒNG HỒ QUÂN ĐỘI (FIELD WATCH): kết cấu gồ ghề, thô mộc. Mặt số rõ ràng, dễ đọc. Phong cách mạnh mẽ, nam tính, phong trần.

ĐỒNG HỒ PHI CÔNG (AVIATOR WATCH): Mặt số lớn, rõ và dày, phủ phản quang, núm chỉnh giờ lớn, Phù hợp với cả phong cách nam tính, mạnh mẽ lẫn sang trọng, lịch lãm.

ĐỒNG HỒ LẶN (DIVE WATCH): chịu áp lực cao, chống ăn mòn. Sang trọng, đẳng cấp.

ĐỒNG HỒ THỂ THAO (RACING WATCH): màu sắc, kiểu dáng đa dạng. Mặt số lớn, hơi thô. Phong cách thể thao trẻ trung, năng động, khỏe khoắn

Đặc điểm dòng đồng hồ phi công AVI-8
Mặt số có đường kính tối thiểu 42 mm
Chữ số Arab dễ đọc thời gian
Dạ quang để đọc được giờ phút trong bóng tối
Chống nước tối thiểu 5 ATM (50 m)
Núm điều chỉnh to để có thể điều chỉnh khi đeo găng
Dây đeo dài bằng chất liệu bền nhẹ để có thể đeo ngoài găng tay
Dấu giờ 12 giờ là hình tam giác để mắt dễ xác định góc giờ


Thông điệp với khách hàng
Thiết kế mang tính biểu tượng
Không quá hầm hố, chú trọng tính năng như đồng hồ chuyên dụng của phi công, thiết kế là sự cân bằng giữa Đồng hồ phi công (Pilot Watch) & Đồng hồ thời trang (Dress Watch), tạo ra chiếc đồng hồ phi công mang một “chất” rất riêng, vừa thể hiện được đặc điểm của Pilot watch, vừa tinh tế lịch lãm phù hợp với sử dụng hàng ngày.

Đa chức năng
Ngoài chức năng xem giờ cơ bản, mỗi sản phẩm còn tích hợp thêm các chức năng thứ, ngày, 24 giờ, bộ đếm giây, đếm phút, tính năng phản quang, vạch chia phút, giây và bộ đo tốc độ Tachymeter,…

Hoàn thiện tỉ mỉ
Các sản phẩm được hoàn thiện tỉ mỉ, chăm chút đến từng chi tiết nhỏ nhất, mặt số, kim đồng hồ, cho đến núm vặn, các mặt bên, mặt hông. Sản phẩm chất lượng nhưng vẫn có mức giá rất hợp lý – valuable price.



Ưu điểm của đồng hồ AVI-8
✔️ Bộ máy Nhật Bản Miyota (là máy được sử dụng cho đồng hồ Citizen): hiệu suất chính xác và bền bỉ.

✔️ Độ chống nước 5ATM: rửa tay, đi mưa lớn, tắm vòi sen hoặc ngâm bồn không quá 1 tiếng đồng hồ.

✔️ Hoàn thiện tỉ mỉ, cao cấp. Thiết kế tinh xảo, chăm chút đến từng chi tiết: mặt đồng hồ, nút vặn, dây da, mặt lưng đồng hồ, kim, số, khóa,… đều đảm bảo mức độ hoàn hảo nhất.

✔️ Chất liệu dây da thật dày dặn, chất lượng, may tay đảm bảo độ bền và thẩm mỹ.

✔️ All stainless steel: toàn bộ sử dụng thép không gỉ cao cấp.

✔️ Đa chức năng: chronograph, lịch ngày, thứ, mặt số phản quang bóng tối, số lớn dễ đọc.

✔️ Thiết kế mặt số, kim đồng hồ rõ ràng, cứng cáp, dễ đọc số theo tiêu chuẩn đồng hồ phi công

✔️ Chất lượng, đa năng mà mức giá rất vừa phải

✔️ Mỗi thiết kế đều có ý nghĩa và lấy cảm hứng từ lịch sử hàng không quân đội

✔️ Thương hiệu được bảo hộ bởi PNJ


Đặc điểm chính
Thiết kế mang cảm hứng dòng đồng hồ phi công / Thiết kế độc đáo, khác biệt
(Mỗi bộ sưu tập là một sự tôn kính rõ ràng đối với các máy bay, con người và lịch sử hàng không quân sự.)
Sự hoàn thiện, tỉ mỉ, tinh tế trong từng chi tiết
Mỗi Thiết kế đều mang tính biểu tượng, có ý nghĩa mô phỏng các máy bay quân sự có thật trong lịch sử 
“Một câu chuyện về thiết kế, AVI-8 dành cho những ai yêu thích sưu tầm đồng hồ, yêu thích những ý nghĩa phía sau từng cây kim, mặt số, hình, màu sắc trên chiếc đồng hồ mình đeo.”
Bộ Sưu Tập & Các Phiên Bản
BST đồng hồ AVI 8
BST đồng hồ AVI 8
BST đồng hồ AVI 8
BST đồng hồ AVI 8
đồng hồ AVI 8đồng hồ AVI 8đồng hồ AVI 8
đồng hồ AVI 8đồng hồ AVI 8đồng hồ AVI 8đồng hồ AVI 8đồng hồ AVI 8đồng hồ AVI 8đồng hồ AVI 8đồng hồ AVI 8đồng hồ AVI 8đồng hồ AVI 8'),
('locnguyen','12/25/2020','Giới thiệu thương hiệu đồng hồ AVI-8 & bộ sưu tập đầy nam tính','','Lịch sử của đồng hồ quân đội
Đồng hồ đeo tay chỉ trở thành một món đồ thời trang dành cho nam kể từ Chiến Tranh Thế Giới Thứ I. Trước cuộc chiến này, đồng hồ đeo tay thời trang chỉ dành cho phái đẹp. Còn đối với phái mạnh, những chiếc đồng hồ bỏ túi là lựa chọn duy nhất. Khi chiến tranh xảy ra, những người lính bắt đầu lấy đồng hồ bỏ túi để đeo tay. Bằng cách này, họ có thể dễ dàng xem giờ và sử dụng các chức năng của đồng hồ.Đến Chiến Tranh Thế Giới Thứ II, những người lính bắt đầu được trang bị những chiếc đồng hồ được sản xuất theo tiêu chuẩn quân đội. Tuy nhiên, binh sĩ và sĩ quan có xu hướng tùy biến biến chiếc đồng hồ quân đội được cấp theo sở thích riêng của mình.Mua đồng hồ quân đội cần chú ý điểm gì?
Để chọn mua một chiếc đồng hồ quân đội tốt, phù hợp với mục đích sử dụng, những điểm quan trọng sau đây bạn nên chú ý:


Độ bền: Khi nói đến đồng hồ quân đội, độ bền rất quan trọng. Trong điều kiện thời tiết bất lợi, một chiếc đồng hồ có độ bền cao, khả năng chống và kháng nước tốt rất có ích. Ngoài ra, một chiếc đồng hồ bền cần được trang bị mặt kính Sapphire có khả năng chống mài mòn để chống chọi lại địa hình hiểm trở.
Thiết kế” Đồng hồ quân đội thường có thiết kế chắc chắn và có màu tối để dễ dàng ngụy trang.
Thời lượng pin: Đồng hồ chiến thuật hay đồng hồ quân đội không có GPS thường có thời lượng pin ít nhất 1 năm. Đồng hồ có GPS thường có thời lượng pin thấp hơn, tuy nhiên có nhiều chức năng liên quan đến GPS mà bạn nên quan tâm.
đồng hồ quân đội tốt nhất 2
Màu sắc của đồng hồ quân đội phải có khả năng ngụy trang khi chiến đấu.
Tính năng liên quan đến quân đội, chiến thuật
Những sản phẩm đặc thù liên quan đến chiến thuật hay quân đội thường được trang bị thêm các tính năng như la bàn, cao độ kế, áp kế,… Một số đồng hồ quân đội khác còn được trang bị chức năng báo bão, giờ mặt trời mọc, mặt trời lặn, âm lịch hay ngay cả chức năng phát hiện bắn tự động.

GPS
Những chiếc đồng hồ quân đội có chức năng GPS cho phép bạn định vị được tọa độ vị trí hiện tại.

Top 5 đồng hồ quân đội đáng mua nhất 2020
1. Đồng hồ Casio G-shock Military Series Watch
G-Shock được chúng tôi chọn ở vị trí đầu tiên bởi những chức năng tuyệt với mà chiếc đồng hồ này mang lại. Điểm đặc biệt của đồng hồ Nhật Bản Casio G-shock quân đội là thiết kế vô cùng hầm hố, kích thước tương đối lớn. Mặt đồng hồ hiển thị số điện tử rõ nét được bọc bên ngoài bằng thép không gỉ, giúp chịu được rung, sốc cơ khí rất tốt. Khả năng chống nước lớn lên đến 200m giúp bạn dễ dàng mang theo khi bơi lội hoặc lặn biển.

đồng hồ quân đội tốt nhất 1
Casio G-Shock là lựa chọn yêu thích của nhiều binh sĩ.
Một số sản phẩm Casio G-Shock trang bị những họa tiết có thể ngụy trang giống như đeo để chiến đấu. Ngoài ra, những chiếc đồng hồ này có thời lượng pin lến đến 10 năm. Thật là series đồng hồ Casio tuyệt vời phải không nào!

Trong lễ xuất ngũ ngày 26/10/2019, G-Dragon, thành viên của nhóm nhạc Bing Bang đã đeo một chiếc đồng hồ đeo tay nam casio G-Shock GA-110-1FJA. Điều này cho thấy G-Shock series là dòng đồng hồ quân đội chưa bao giờ hết HOT.

đồng hồ quân đội casio G-shock
G-Dragon Big Bang cũng là fan của G-shock trong thời gian nhập ngũ.
2. Đồng hồ quân đội Seiko 5 Nhật Bản
Seiko 5 là một huyền thoại của dòng đồng hồ dành cho quân đội. Chiếc đồng hồ ra đời vào năm 1963 và cho đến nay vẫn vô cùng HOT. Lên dây cót tự động (bộ máy 7S26 tự động lên dây cót và khả năng trữ cót lên đến 40 giờ), khả năng chống nước, chống sốc tốt, thiết kế độc đáo kèm tính năng dạ quang phát sáng vào ban đêm làm bao người say đắm. Ngoài ra, bạn dễ dàng nhìn thấy hoạt động bên trong của chiếc đồng hồ nhờ phần mặt lưng lộ máy. Từng bánh răng hoạt động đều đặn, ăn khớp với nhau để hiển thị thời gian chuẩn xác nhất. Không giống như những chiếc đồng hồ quân đội khác sử dụng kính Sapphire, hãng Seiko trang bị cho dòng Seiko 5 mặt kính được làm bằng các tinh thể Hardlex có độ bền cao hơn rất nhiều so với kính khoáng thông thường.

đồng hồ quân đội tốt nhất 3
Seiko 5 là chiếc đồng hồ quân đội huyền thoại được nhiều người Việt sử dụng.
Khả năng chống nước 10ATM, bộ dây nato bền bỉ là một trong những điểm cộng của dòng đồng hồ quân đội Seiko 5.3. Đồng hồ quân đội ANONIMO Militare
Nếu ai đã từng trót yêu thương hiệu đồng hồ lặn Panerai thì ắt hẳn sẽ biết được thông tin về đồng hồ Anonimo. Thương hiệu đồng hồ này chung gen và kế thừa những điểm ưu việt của Panerai. Dòng đồng hồ quân đội Anonimo Militare ra mắt vào năm 2001 để trang bị cho thợ lặn hải quân Italia.

đồng hồ quân đội tốt nhất 4
Anonimo Militare là đồng hồ dành cho hải quân, thợ lặn chuyên nghiệp.
Anonimo Militare có mặt số được phủ lớp phát quang Swiss Super-LumiNova® giúp bạn vẫn thấy rõ thông tin trong điều kiện môi trường khắc nghiệt và thiếu sáng. Với mức chống nước 12ATM (tương đương 120m), bạn có thể sử dụng sản phẩm này để bơi lội, tham gia các trò chơi lặn biển chuyên nghiệp. Mặc dù có nguồn gốc từ Italia nhưng Anonimo là một thương hiệu Swiss Made nhờ những nỗ lực không ngừng. Tinh hoa nước Ý được thể hiện trên dây da thủ công và chất liệu đồng trong từng sản phẩm Anonimo. Nút vặn tại vị trí 12 giờ vô cùng độc đáo lấy cảm hứng từ đồng hồ quân đội bỏ túi đã được cấp bằng sáng chế.4. Đồng hồ quân đội Suunto 5
Thương hiệu đến từ Phần Lan đã ra mắt dòng đồng hồ quân đội Suunto 5 tích hợp GPS. Nhiều chuyên gia nhận định chiếc đồng hồ này sẽ là điểm sáng của nửa sau năm 2019.

Thoạt nhìn vẻ ngoài khá giống đồng hồ thể thao Garmin nhưng Suunto 5 có nhiều điểm khác biệt:

GPS có độ chính xác cao: Suunto 5 trang bị chip GPS của nhà sản xuất SONY giúp người đeo có thể lựa chọn một trong các hệ thống định vị toàn cầu.
Tracking bơi lội chuẩn xác: các chỉ số đo lường khi bơi lội của Suunto 5 được cho là chính xác nhất trong tất cả thương hiệu đồng hồ thể thao.
Ngoài 2 điểm nổi bật ở trên, Suunto 5 còn tích hợp tất cả những tính năng của một chiếc đồng hồ thể thao: đo nhịp tim, bước chân, theo dõi tiến bộ trong tập luyện thể thao.
đồng hồ quân đội tốt nhất 5
Suunto 5 là chiếc đồng hồ thông minh duy nhất nằm trong danh sách này.
5. Đồng Hồ Citizen Eco-Drive AW1361-10H
Eco-Drive là công nghệ đồng hồ chạy bằng ánh sáng nổi tiếng của Citizen. Ra đời vào năm 1976 nhưng không phải dành riêng cho quân đội. Tuy nhiên, chiếc đồng hồ có khả năng chống nước tới 10 ATM (100m). Bộ vỏ của đồng hồ Citizen Eco-Drive AW1361-10H có kích thước 45mm được làm bằng chất liệu thép không gỉ. Dây đeo có thể dễ dàng thay thế phù hợp với phong cách và sở thích của bạn.

đồng hồ quân đội tốt nhất 6
Citizen Eco-Drive AW1361-10H giúp bạn yên tâm hơn khi đi phượt, trekking.')
GO


INSERT INTO DangKiNhanTin(email) VALUES
('dinh234@gmail.com'),
('loc234@gmail.com'),
('khiem234@gmail.com')
GO

INSERT INTO VanChuyen(ten_don_vi_van_chuyen,dia_chi_don_vi_van_chuyen,sdt_don_vi_van_chuyen,email_don_vi_van_chuyen,phi_van_chuyen)VALUES 
('AShip',N'Hà Nội','19001900','HNShipper123@gmail.com',40000.0000),
('BShip',N'Hà Đông','19001999','HDShipper123@gmail.com',35000.0000),
('CShip',N'Hà Nam','19001911','HNaShipper123@gmail.com',38000.0000)
GO

INSERT INTO ThuongHieu(ten_thuong_hieu,img_thuong_hieu,dieu_huong_thuong_hieu) VALUES
('CASIO','', 'https://www.casio-intl.com/vn/vi/wat/'),
('BABY-G','', 'https://www.casio-intl.com/vn/vi/wat/baby_g/'),
('G-SHOCK','', 'https://www.casio-intl.com/vn/vi/wat/g_shock/'),
('SKMEI','', 'https://skmeivietnam.vn/')
GO

INSERT INTO KhachHang(username_kh,password_kh,ten_kh,sdt_kh,email_kh,dia_chi_kh) VALUES
('user1','user1',N'Trần Văn Định','0912777777','user1@gmail.com',N'Hà Nội'),
('user2','user2',N'Vũ Hồng Khiêm','0912778887','user2@gmail.com',N'Hà Nội'),
('user3','user3',N'Nguyễn Hiệp Lộc','0912779999','user3@gmail.com',N'Hà Nội')
GO

INSERT INTO DanhMucSanPham(ten_danh_muc,id_danh_muc_cha,id_danh_muc_con,img_danh_muc) VALUES
(N'Đồng hồ Casio',NULL ,NULL ,''),
(N'Đồng hồ BABY-G',NULL ,NULL ,''),
(N'Đồng hồ G-SHOCK',NULL ,NULL ,''),
(N'Đồng hồ SKMEI',NULL ,NULL ,'')
GO

INSERT INTO SanPham(id_san_pham,id_danh_muc,id_thuong_hieu,ten_san_pham,gia_san_pham,phan_tram_khuyen_mai,so_luong_ton_kho,mo_ta_san_pham,tinh_nang_san_pham,gioi_tinh,so_thang_bao_hanh,ngay_them_san_pham) VALUES
('SP01',9,11,'MTS-110D-2AV',10000000,5,98,N'Vật liệu vỏ / vành bezel: Thép không gỉ.Chốt gập 3 chỉ với một lần bấm.Dây đeo bằng thép không gỉ.Mặt kính saphia với lớp phủ không phản quang.Khả năng chống nước ở độ sâu 50 mét.Hiển thị ngày.Giờ hiện hành thông thường.Đồng hồ kim: 3 kim (giờ, phút, giây).Độ chính xác: ±20 giây một tháng.Tuổi thọ pin xấp xỉ: 10 năm với pin CR2012',N'TUỔI THỌ PIN 10 NĂM.Tinh thể saphia.Khả năng chống nước ở độ sâu 50 mét.Hiển thị ngày.Dây đeo bằng thép không gỉ','Nam',12,'12/25/2020'),
('SP02',11,13,'MRG-G1000B-1A4',2050000,10,57,N'',N'','Nam',12,'12/25/2020'),
('SP03',11,13,'MTG-B2000D-1A',30000000,20,60,N'',N'','Nam',12,'12/25/2020'),
('SP04',11,13,'MTG-B1000XBD-1A',35000000,5,60,N'',N'','Nam',12,'12/25/2020'),
('SP05',11,13,'GA-900A-1A9',50000000,10,50,N'',N'','Nam',12,'12/25/2020'),
('SP06',10,12,'BSA-B100MT-1A',18000000,5,42,N'',N'','Nữ',12,'12/25/2020'),
('SP07',10,12,'BSA-B100MC-4A',24000000,10,34,N'',N'','Nữ',12,'12/25/2020'),
('SP08',10,12,'BSA-B100-7A',28500000,5,54,N'',N'','Nữ',12,'12/25/2020'),
('SP09',12,14,'Skmei SK1891',600000,0,21,N'',N'','Nam',12,'12/25/2020'),
('SP10',12,14,'Skmei SK1883',500000,10,73,N'',N'','Nữ',12,'12/25/2020'),
('SP11',9,11,'PRW-30-1A',1000000,10,44,N'',N'','Nam',12,'12/26/2020')
GO

INSERT INTO GioHang(id_kh,id_san_pham,so_luong) VALUES
(6,'SP01',1),
(6,'SP05',2),
(6,'SP04',1),
(7,'SP01',2),
(7,'SP10',1),
(7,'SP07',1),
(7,'SP08',2),
(8,'SP03',1),
(8,'SP04',2)
GO

INSERT INTO Wishlist(id_kh,id_san_pham) VALUES
(6,'SP02'),
(6,'SP09'),
(7,'SP02'),
(7,'SP05'),
(7,'SP09'),
(8,'SP06')
GO